case,mIoU,clip_score
case_car_hover,0.17331120671348912,0.2208712249994278
case_dog_robot,0.2646422768782565,0.26128336787223816
case_woman_shirt,0.1830022431946325,0.20626893639564514
